record_type,term_type,slug,era_slug,material_slug,object_kind_slug,concept_slugs,related_term_slugs,title_zh_hans,accession_number,dynasty_zh_hans,material_zh_hans,search_colors_zh_hans,search_materials_zh_hans,summary_zh_hans,overview_zh_hans,hero_image,craft_title_zh_hans,craft_summary_zh_hans,craft_image,culture_title_zh_hans,culture_body_zh_hans,culture_image_1,culture_image_1_caption_zh_hans,featured_on_home,hero_subtitle_zh_hans,intro_label_zh_hans,intro_body_zh_hans,intro_image_1,section_1_heading_zh_hans,section_1_body_zh_hans,section_1_image_1,glossary_step_1_title_zh_hans,glossary_step_1_body_zh_hans,glossary_step_1_image,video_title_zh_hans,video_image,related_object_slugs,reference_labels_zh_hans,reference_hrefs,period_label_zh_hans,years_zh_hans,home_caption_line_1_zh_hans,home_caption_line_2_zh_hans,section_1_image_2,section_1_image_3,section_1_image_4,section_1_image_1_caption_zh_hans,section_1_image_2_caption_zh_hans,section_1_image_3_caption_zh_hans,section_1_image_4_caption_zh_hans,section_2_heading_zh_hans,section_2_body_zh_hans,section_2_image_1,section_2_image_1_caption_zh_hans
object,,tang-putaohuaniaowenyin-xiangnang,tang,metalwork,,,,葡萄花鸟纹银香囊,No. 2026-001,唐,金银器,,金银器||银器||香囊,1970年窖藏出土于陕西省西安市南郊何家村，现收藏于陕西历史博物馆。,葡萄花鸟纹银香囊直径46毫米，重36克，它是用金、银捶揲制作而成，分为内外两层，内层是纯金打制的半球体香盂，外层是镂空刻花的银球。香囊表面装饰着繁密的葡萄花鸟纹：葡萄藤蔓缠绕，果实累累；花鸟相间，生机盎然。顶部的环链与挂钩设计，使其既可悬挂于车帐帷幔，也可随身佩戴，兼具实用与装饰功能。||香囊最令人称奇的是内部的持平机环装置：两个同心圆环之间及内圆环与焚香盂之间，均以对称的短轴铆接，构成了一个“万向支架”。无论外部球体如何转动，内部的香盂始终在重力作用下保持水平，确保香灰不撒、火星不溢。这一设计完全符合现代陀螺仪原理，而中国最晚在唐朝就已掌握了此原理并将之运用于日常生活中，足以证明当时的中国在科学技术以及工艺制造方面取得的发展成就。,/images/objects/tang-putaohuaniaowenyin-xiangnang/hero.png,锤揲,"锤揲是传统金属加工的主要工艺之一，是指对金属坯料施加压力，使其产生变形以获得所需造型的金属加工方法。该工艺利用金、银等金属质地柔软、延展性强的特点，通过捶打使其延伸展开成片状，再塑造成型。
锤揲分直接锤揲和间接锤揲两种技法。直接锤揲法用于平面或简单曲面纹样，间接锤揲法则用于壶、瓶等器物外壁纹样，需将锤头伸入器物内部进行敲打。
锤揲工艺常与錾刻、鎏金、镶嵌、焊接等工艺结合使用，共同完成复杂器物的制作。锤揲而成的器物具有材料薄、重量轻、无需模具打磨、表面光滑、内外纹理清晰、保持金属原色等特点。器物表面会留下独特的锤纹肌理，质感浑厚、拙实，赋予作品手工的温度和不可复制的独特效果。",/images/objects/tang-putaohuaniaowenyin-xiangnang/craft-01.png,文化解读,佩香之俗，最早可上溯至先秦。当时称为“容臭”，是年轻人晨起拜见父母时的标配——清晨鸡鸣初起，年轻人便要盥洗梳头、佩戴香囊，以清新的香气向长辈表达问候与敬意。到唐代，随身佩香的习俗更趋成熟，香文化的普及度也大为提升。随着制香技术的成熟和唐代对外交流的繁荣，随身佩戴香囊成为长安城中贵胄的时尚标志。||这件香囊通体镂空、匀分两半，银质的球壁上以精湛的工艺錾刻出缠枝葡萄与花鸟纹样。葡萄满架、花鸟相依，寄托着唐代人对富贵吉祥、多子多福的美好祝愿。透过细密的镂空纹饰，可以隐约看见内部微微泛光的金质香盂，一缕幽香正从其间氤氲而出。至于囊中所焚之香，正是唐代制香工艺发展到成熟阶段的产物。著名的《陈氏香谱》中收录有“开元帏中衙香”，后更名为“杨贵妃衙香”，融合了沉香、檀香、麝香、龙脑香等九味珍贵香料。此外，宫廷中也流行“唐开元宫中香”等名贵香方。可以想见，一件精美的银香囊，配上精心调配的珍奇香料，便是盛唐女性“所过之处，尘土皆香”的秘密所在。它既迎合了唐人开放、爱美的风尚，也折射出唐代丝路贸易下香料、技艺与审美大融合的华美景象。葡萄花鸟纹银香囊小巧玲珑，内藏乾坤，随人身姿款款移动，将中国的香文化从庙堂与书斋，延伸到了更为私密、更具情感温度的随身空间——人与香、人与礼、人与情，皆因此融为一体。,/images/objects/tang-putaohuaniaowenyin-xiangnang/culture-01.png,清代白玉香囊,,,,,,,,,,,,,,,陕西历史博物馆,https://www.sxhm.com/collections/detail/9948.html,,,,,,,,,,,,,,,
object,,tang-haishouputaowen-jing,tang,metalwork,,,,海兽葡萄纹镜,No. 2026-002,唐,青铜器,,青铜器||铜镜||海兽葡萄镜,海兽葡萄镜，又称瑞兽葡萄镜、海马葡萄镜等，是唐代流行的铜镜类型，它主要流行于唐高宗、武则天时期。,此镜为唐代铜镜之典型器，圆形，面径11.9厘米，体量适中而质地致密，镜体厚重，铜色泛白，呈现出高锡青铜镜特有的银白光泽。||镜背采用高浮雕技法装饰，以葡萄纹为主题纹饰，辅以海兽、鸟雀、蜂蝶、花草等多种形象，构图繁缛饱满，气象华丽。纹饰布局分为内、外两区，以凸起的弦纹为界。内区铸有数只海兽（通常为瑞兽或狻猊形象）环绕镜钮，或匍匐、或腾跃，姿态各异；外区则满饰葡萄藤蔓、枝叶、果实，其间穿插飞鸟、蝴蝶等小型生灵。尤为特殊的是，内区的葡萄与长瓣花枝蔓越过中间界栏，向外区延伸，乃至攀缘至镜缘，形成“藤蔓过梁”的视觉效果，因此此类铜镜在学界及收藏界又习称为“过梁葡萄纹镜”。镜钮为兽形钮，钮座造型简练。镜缘呈高直窄线棱边，轮廓清晰利落，既增强了镜体的结构强度，也为繁复的纹饰提供了收敛的边界。||整体而言，此镜集高浮雕的立体感、满密而有序的构图、以及中西交融的装饰母题于一身，是唐代铜镜艺术鼎盛时期的代表性作品。,/images/objects/tang-haishouputaowen-jing/hero.png,铸造,海兽葡萄纹镜采用的是中国古代延续数千年的范铸法（又称陶范法）。所谓范铸法，即先以泥料雕刻出镜体的造型与纹饰，翻制成陶范，再浇铸铜液成器。陶范制作的工艺过程如下：首先用木料或陶料雕刻出一面“镜子”，在镜背雕出所需的纹饰图案与镜钮造型，形成一个阳模（即凸起的模型）。随后，用黏土和细砂混合物包裹此模，翻制成阴范——包括镜面范（平整的一面）和镜背范（有纹饰的一面）两块。泥范中需掺入稻壳灰，以提高透气性和热稳定性。范制成后须缓慢阴干，以防止开裂变形，然后入窑焙烧至约920摄氏度，使范体陶化，达到足够的强度，并能分解其中的碳酸盐。每一件陶范大多只能使用一次，因此铸镜的每一次浇铸都意味着一次全新的制范过程。||海兽葡萄纹镜特殊工艺的根基，在于其采用了更科学的高锡青铜配方。唐代工匠提高了合金中锡的比例，这种高锡青铜不仅使铸件易于打磨出明亮的银白光泽（即“水银沁”效果），让照影更为清晰，也增强了成品的硬度和抗腐蚀能力。,/images/objects/tang-haishouputaowen-jing/craft-01.png,文化解读,铜镜最早的日常功能，便是照容正衣冠。诗云“解鬟临镜立象床，双鸾开镜似秋光”，可见在唐代，铜镜已是闺阁书斋中不可或缺的日用品。对镜梳妆、整肃衣冠，是古人开启一天生活前的日常功课。诗文中“当眉泻翠，对脸敷红”的描摹，则恰好记录了美人临窗对镜、贴花钿的生动瞬间。镜面的每一次映照，都是一次外在形象的检视与整饬。在唐代，铜镜更承载着独特的礼俗功能，每逢唐玄宗八月五日诞辰，这一天被定名为“千秋金鉴节”，人们以铜镜为礼，相互馈赠，祝福长寿。一面小小的铜镜，既是对亲友的深情祝福，也成为唐代社会风尚的生动写照。||铜镜的深远意义，却远不止于外在的修饰与礼俗的风尚。古人将它的“明”与“清”的特质加以引申，使其成为修身明志、清明廉洁的精神寄托。因其能忠实映照万物、毫无偏私，铜镜便成为言行准则的一面镜子——古人常借“以镜为鉴”来警醒自己反省操守、坚守廉洁。镜铭中“内清质以昭明，光而象夫日月”之句，更是以铜镜之“明”自喻，勉励自己心怀坦荡、清白如镜。而将这一象征推向极致的，则是唐代的明君唐太宗。据《旧唐书·魏徵传》记载，在魏徵去世时，唐太宗对近臣感慨道：“夫以铜为镜，可以正衣冠；以古为镜，可以知兴替；以人为镜，可以明得失。朕常保此三镜，以防己过。”这番千古名言，层层递进，将“正衣冠”的日常行为，升华到以史为鉴、以人为师的治国智慧。铜镜在此超越了器物的物理属性，从整理仪容的外在尺度，转化为校正自我、自省明德的内在准则，折射出中国传统文化中对修身与智慧的永恆追问。,/images/objects/tang-haishouputaowen-jing/culture-01.png,北宋 王诜《绣栊晓镜图》,,,,,,,,,,,,,,,故宫博物馆,https://www.dpm.org.cn/collection/bronze/228913.html,,,,,,,,,,,,,,,
object,,tang-tangsancaizaiyueluotuo-yong,tang,ceramic,,,,唐三彩载乐骆驼俑,No. 2026-003,唐,瓷器,,瓷器||唐三彩||釉陶,唐三彩釉陶器（明器，即随葬品），1959年于陕西省西安市西郊中堡村唐墓出土，现藏于陕西历史博物馆。,该俑通高58厘米，长41至43厘米，驼高48.5厘米。骆驼昂首直立于长方形底座之上，张口呈嘶鸣状。驼背部架设一平台，以刻花毯子覆盖，台上置有乐舞俑8件，其中男乐俑7件、女舞俑1件。||骆驼体施淡黄色釉，通体施蓝、绿、黄等单色釉。唐三彩为低温铅釉陶器，以黄、绿、白三种釉色为主要基调，亦有褐、蓝、黑等色。该俑施蓝、绿、黄等单色釉，釉色鲜明亮丽，协调自然。唐三彩陶器的烧造在唐代达到鼎盛时期，该俑作为唐三彩俑中的代表性作品，集中体现了唐代陶塑艺术在造型、施釉与烧制工艺方面的高度成就。||7名男乐俑面向外侧，神态专注，全神贯注于演奏之中。各人所持乐器分别为：笙、箫、排箫、拍板、琵琶、箜篌、横笛。其中笙、箫、排箫为中国传统雅乐的代表乐器，琵琶、箜篌、横笛等则为经由丝绸之路传入的西域乐器。女舞俑立于乐队中间，体态丰腴，梳唐代女性髻式，神态安详，形象生动。该俑现收藏于陕西历史博物馆，为唐代雕塑艺术、音乐舞蹈及陶瓷工艺的重要实物资料。,/images/objects/tang-tangsancaizaiyueluotuo-yong/hero.png,唐三彩,唐代低温彩色铅釉陶的通称。它以含铜、铁、钴、锰等多种金属元素的矿物做呈色剂，入铅做助熔剂，即可以直接施彩釉入窑经800℃左右低温一次烧成。也可以先烧素胎，再施彩釉入窑低温二次烧成。所谓“三彩”即多彩之意，包括黄、绿、白、褐、蓝、黑、紫等多种色彩，有的一色单用，有的多色混合使用，而黄、白、绿三色在三彩器中最为常见。制作时先在胎体上施一层白色化妆土，然后有意识地施以各种色釉，或者使用类似“蜡染”的所谓“漏花”技法，做成色彩缤纷的器物。唐三彩是在汉代铅釉陶的基础上进一步发展起来的，三彩器始创于唐高宗时而盛于开元朝，多用作随葬明器，在我国河南、陕西等地有大量出土。其器类繁多，包括日用器皿、建筑物、家具、动物、人物等，均有制作，其中各种动物俑及人物俑在世界美术史上享有盛誉。,/images/objects/tang-tangsancaizaiyueluotuo-yong/craft-01.png,文化解读,这件陶俑将一支八人乐舞队完整置于驼峰之间，其构思充满了跨文化的象征意味。骆驼被誉为“沙漠之舟”，是贯通欧亚的丝绸之路最忠实的驮手；当骆驼与乐舞结合，便不再是单纯的运输工具，而成为文明交汇的移动舞台。||细察乐手构成，七位男乐手均着唐式汉服，面貌为中原人特征，然而手中所持的七种乐器——琵琶、箜篠、筚篥、横笛等——基本都源自西域或中亚，经由丝绸之路传入长安。居于C位的女俑高歌引吭，其婀娜体态与发髻服饰又是典型的盛唐风尚。这样的组合并非写实——现实中单峰骆驼也难以承载八人载歌载舞，但恰恰是这种“超现实”的艺术夸张，在有限的空间里最大限度地表达了丝路文化交流的丰硕成果。乐手们演奏的，正是当时长安最流行的“胡部新声”——西域音乐与中原汉族音乐融合后诞生的新舞乐。外来的乐器、本土的乐人、创新的曲调，三者同台，恰如盛唐文化最核心的气质：以我为主，兼容并蓄，将一切外来元素转化为鲜活的时代之声。||唐人笃信“事死如事生”，认为死亡并非终点，而是进入另一个世界的起点。因此，墓葬中会尽可能复制死者生前的享乐生活。这件载乐骆驼俑便是一支为来世演奏的“凝固乐队”：骆驼昂首嘶鸣，仿佛正行进在通往永生的途中；驼背上的乐手神情专注，女俑引吭高歌，乐声似乎穿透了陶釉，在墓室这一封闭空间里永不消歇。它不仅是墓主人社会地位与财富的炫耀，更寄托了生者对逝者的深切慰藉——愿其在另一个世界，依然能享受胡乐与歌舞的欢愉。||“事死如事生”观念的盛行，根植于两个不可分割的文化渊源。其一是灵魂不灭的观念和祖先的崇拜。古人相信，人的死亡并非生命的彻底终结，魂魄离体之后仍然存在，墓室是死者在阴间的居宅，需要如同生者一般获得生活所需的一切侍奉与供给。其二是儒家及历代统治者提倡的伦理孝道观念。儒家所谓“事死如事生”的伦理孝道思想反映在丧葬习俗上，便表现为对墓葬规格与随葬器物的高度重视，视厚葬为行孝的重要体现。||先秦儒家对死亡持有深刻的理性认知：人死亡之后，神魂离开体魄，进入死亡状态，而“事死如事生”便是围绕着对死者神魂与体魄的侍奉进行的。孔子曰：“生，事之以礼；死，葬之以礼，祭之以礼。”对父母而言，无论生前侍奉还是死后安葬祭祀，都需合乎“礼”的规范，反之则被视为不孝。在这种观念的影响下，唐代的厚葬之风从王朝建立之初便来势汹汹。贞观前期唐太宗便已指出：“勋戚之家多流遁于习俗……以厚葬为奉终，以高坟为行孝，遂使衣衾棺椁，极雕刻之华，灵輀明器，穷金玉之饰”。然而官方禁令终究未能遏制厚葬之风，至玄宗开元年间，朝廷仍在大声疾呼“王公百官，竞为厚葬，偶人象马，雕饰如生，徒以炫耀路人”。||值得注意的是，“事死如事生”并非唐代独创。墓葬是现实社会的缩影，反映当时人们的物质生活与精神生活，将这种广泛生活境界中的事物缩小到一座墓坑中来体现，是中国墓葬传统的不变习俗。只不过，在唐代国力鼎盛、丝路繁荣、乐舞文化高度发达的时代语境下，这一观念获得了前所未有的物质表达手段——唐三彩的成熟工艺，恰恰为唐人复制生前生活场景提供了最精美的媒介。,/images/objects/tang-tangsancaizaiyueluotuo-yong/culture-01.png,《三彩院落》陕西唐三彩艺术博物馆,,,,,,,,,,,,,,,陕西历史博物馆,https://www.sxhm.com/collections/detail/509.html,,,,,,,,,,,,,,,
object,,tang-liujinkuibanyin-chatuo,tang,metalwork,tray,,,鎏金葵瓣银茶托,No. 2026-004,唐,金银器,,金银器||银器||茶托,这件鎏金银茶托于1957年出土于陕西省西安市唐长安城平康坊遗址，为唐朝的茶具，现收藏于中国国家博物馆。,"该茶托高4厘米，口径17.4厘米，宽平沿，浅腹，圈足，造型别致，通体呈葵花形，分作十二瓣，中央略微隆起，边缘舒展柔和，犹如花瓣轻绽，洋溢着自然的节奏感与装饰美感。整器以银为胎，表面施以鎏金，呈现温润含光的金色光泽，部分区域因岁月久远而略显磨蚀，使银与金交映，肌理斑驳中更添沉静古雅之意。器面装饰以十二瓣葵花纹为主，线条流畅舒展，分布均匀有致，边缘略带刻划而不繁缛，清雅之中蕴含端庄，体现了唐代工艺对称与节制的审美追求。花卉作为盛唐时期装饰艺术的重要母题，象征着生机与祥瑞，在本器上亦起到强化礼仪氛围的作用。
作为茶器中的一环，此茶托用于承托茶盏，既防止烫手与染污几案，又于细节中体现出唐代茶事活动的制度化与仪式化进程。在实用功能之外，它更是身份与礼制的象征，反映出贵族阶层日常生活中对精致用器的高度讲究。尤为引人注目的是器底刻有“左策使宅茶库”六字铭文，字迹端正，疑为作坊模具统一预刻，表明此器原属官署体系下“茶库”专用器具，既反映出唐代工艺生产的标准化程度，也提示了茶文化在当时政治、礼制系统中的制度性嵌入。",/images/objects/tang-liujinkuibanyin-chatuo/hero.png,鎏金,茶托表面进行了鎏金处理，工匠通过涂抹金属汞混合物并加热，使其牢固附着在银面上。该工艺不仅增强了茶托的美观，呈现出金色光泽，还符合唐代对豪华与贵气的审美要求。唐代的鎏金技术经历了不断的发展与创新，工匠通过对金属汞的配比、加热温度的掌控，确保金色涂层的均匀性和持久性。,/images/objects/tang-liujinkuibanyin-chatuo/craft-01.png,文化解读,"这件鎏金银茶托不仅是一件精美的实用器具，更集中体现了唐代中上层社会，尤其是宫廷与官府饮茶文化的制度化与审美追求。在《茶经》中，茶托被列为“二十四器”之一，是贵族饮茶不可或缺的礼器。作为茶具系统的重要组成部分，它承载的不仅是茶盏，更承载着礼仪、秩序与身份的象征意义。唐代饮茶活动日益制度化，讲求器具配套、陈设有序，强调“非此不为礼”。因此，茶托虽为辅器，却以其细致周全之功能，体现了“礼不在大，而在于周备”的核心精神，成为贵族社交场合中“敬客持重”的行为载体。
造型上，此器采用十二瓣葵花式样，瓣形等距排列，结构匀称，表现出极高的对称美感。这种形式不仅源于自然意象，更与儒家所崇尚的“中正”“有序”理念相契合，强化了器物在礼制文化中“规矩”“克制”的内涵。器面鎏金光泽流动，色调富贵华美，辅以简洁流畅的葵花纹饰，融装饰性与象征性于一体，传达出唐代审美中对自然图像的偏爱与对生命力的礼赞。金色的光辉不仅彰显财富与尊荣，也折射出“礼以示尊，器以载德”的价值取向。
从审美角度来看，唐代艺术崇尚繁丽精工、自然寓意与象征融合的美学取向。葵花象征着繁盛与不息，器物外形生动而不繁缛，既有工艺的节奏美，也符合当时对自然形态拟化与升华的风尚。而鎏金工艺的运用，则是对光辉、华丽审美的一种视觉回应，也是对“庄重而富丽”文化气质的技术表达。值得一提的是，唐代常配合使用越窑青瓷或邢窑白瓷茶盏，形成“金托玉盏”的视觉对比关系，既呼应色彩上的富丽对照，也彰显礼器系统的配套等级。
铭文“左策使宅茶库”刻于器底，字体规整有序，极可能为模具预刻，表明此器原为“左策使宅”机构下属“茶库”所用之制式器物。根据《唐六典》所载，三品以上官员方可使用金花银器，可见此类茶托属于高等礼器范畴。铭文不仅是所有权的标识，也暗示其所属的礼制等级制度，体现出“贵贱有分，器用有等”的社会结构。茶库作为贵族生活中的常设机构，负责茶器管理与茶叶分配，反映出茶文化已深入制度层面，具备显著的组织化与行政嵌入特征。
更深层地看，茶托的“托”不仅是一种实用行为，更具有文化象征。以器托盏，是敬意与慎重的外在化动作，也是礼节行为中的“让”与“重”的体现。它鼓励“慎重其事”“不失体面”，将“敬茶不空手”具体落实于器物的物理结构与行为规训之中。同时，在佛道文化影响下，唐人饮茶不仅为口腹之欲，也为静心修身之需。茶托的存在承接了这一层精神追求，使“持盏敬茶”的动作成为身体与心性的双重修持。
地域文化方面，此器的造型与装饰亦体现了唐代长安地区的艺术风格与文化融合特征。作为当时帝国的政治、文化和商贸中心，长安广泛吸收来自中亚、波斯乃至粟特地区的图案风格与工艺技法，三瓣、十二瓣葵花形源于中亚图案系统，而纹饰中的吉祥符号则结合了本土文化寓意，如“鸿雁”象征信义忠诚。鎏金技术亦可能受西方金银器影响，形成一种中西交汇的工艺融合。茶托不仅反映唐人对豪华与典雅的审美追求，也实证了长安作为文化交汇之地的多元性与包容性。
至于名称的变异，也说明茶文化发展中的语言活性。唐人除称“茶托”，亦称“盏”、“托盏”或“茶拓”，从《资暇录》中崔宁女之制楪的传说，可知茶托最初的产生缘于实用需求，却逐步衍生为制度化器物，其设计也不断演进、材质日趋多样，最终上升为具有身份、礼仪、审美多重意义的器具体系。",/images/objects/tang-liujinkuibanyin-chatuo/culture-01.png,《唐人宫乐图》,,,,,,,,,,,,,,,中国国家博物馆,https://www.chnmuseum.cn/zp/zpml/kgfjp/202111/t20211116_252276.shtml,,,,,,,,,,,,,,,
object,,tang-zitanmuhuaxie-shi,tang,wood-bamboo,,,,紫檀木画挟轼,No. 2026-005,唐,竹木牙角匏,,竹木牙角匏||紫檀木||木器,现存最精美的唐代家具之一，现藏于日本奈良东大寺的正仓院。,"这件挟轼采用紫檀木作为主要材料，体现了其尊贵与稀有性。紫色在中国传统文化中象征着祥瑞，而紫檀木的深沉色调与高贵气质，使其成为皇家和贵族阶层的首选材质。紫檀木作为世界上最名贵的木材之一，主要产自南洋群岛和越南，具有致密坚硬的特性，比重大于水，质地深沉古雅。木材的心材呈血赭色，带有光泽，年轮纹路呈搅丝状，棕眼极为紧密且无瑕疵，整体色泽呈紫黑色，带有微香，十分耐人寻味。
紫檀木的稀有和优良木性，使其成为皇家珍视的材料，常用于制造高级家具和精美雕刻艺术品。这件文物的形态设计简洁大方，整体为长条形，尺寸为高33.5厘米，长111.5厘米，宽13.6厘米，体现了唐代家具的典雅与实用性。器物的面板采用长条形柿木，再贴上薄紫檀板，两端则装饰楠木板，整体结构稳固。四周的镶金嵌银工艺，细腻地描绘了花叶、卷草、蝴蝶等图案，呈现出唐代工艺的精湛与复杂。器物下方的基座设计别致，细节部分的象牙圈与金银镶嵌展示了极高的工艺水平和贵族生活的精致。
这件紫檀木器物不仅具备功能性和实用性，作为“挟轼”类家具，它在日常生活中的作用也不可忽视。它能够在休憩时提供便利，方便放置和倚靠，象征着唐代贵族生活中的舒适与优雅。总的来说，这件文物的设计与材质选用都突出了紫檀木作为高贵、稀有材料的象征，同时也体现了唐代对于美学、实用性与工艺的高度融合。",/images/objects/tang-zitanmuhuaxie-shi/hero.png,镶嵌,以长条形的实木为几面板，细长平直，中间上表面贴颜色深沉的紫檀薄板，两端贴楠木薄板，边线部分镶嵌象牙、染绿鹿角等材料。两端各有一对直立双方柱腿足，中间截断嵌入象牙制成的圆柱。几面板四周、腿足及基座表面由金银泥绘描出花叶、卷草、蝴蝶等装饰纹样，做工精细，装饰优美。,/images/objects/tang-zitanmuhuaxie-shi/craft-01.png,文化解读,"这件紫檀木画挟轼不仅是一件精美的家具工艺品，更蕴含着深厚的文化内涵。整体造型典雅，装饰华美，展现了唐代文化中对精神气质的追求，符合“器以载道”的理念。紫檀木作为一种稀有而尊贵的材料，其深沉的色泽与天然的纹理象征着高贵与庄重，体现了“内敛含蓄、神完气足”的审美理念。这件器物通过材质、工艺、形态等各方面的精雕细琢，展现了唐代贵族对生活品味和精神追求的高度契合。

这件紫檀木器物的整体气质庄重典雅，符合唐代文化中“礼仪之魂”的精神内涵。尽管其为实用器物，但其精细的工艺和稳重的外观却体现了唐代贵族的审美理想，承载着内敛而不失尊贵的气质。器物的设计稳定而不失动感，线条流畅，结构稳固，使人感受到一种平衡与和谐的美感。

这件器物细节处展现出文人对清雅、吉祥、护身等象征的追求。这种装饰体现了唐代社会对文士美学的高度认同，并与文房器物的审美体系紧密相连。其纹饰和整体设计为文士理想中的“文以载道”的物质延伸。器物不仅满足了日常实用需求，还传达了文化与精神的象征意义，它是“器以载道”理念的具体体现，即器物不仅承载功能，更承载文化与道德理想。

紫檀木画挟轼的尺寸与设计延展了空间的气韵感和文化象征力。其“横向舒展”的布局，强调整体的仪式感与文化象征，增强了空间的仪式性和庄重感。正如唐代文化所强调的“气贯四海”，这件器物在视觉上给人以内敛与张力并存的感受，完美地契合了唐代贵族对家居与生活空间的设计需求，象征着高贵与精神的统一。

这件器物的精美设计、典雅气质以及它承载的精神文化，都使它成为唐代贵族家居生活的文化象征，它不仅仅是一个家具，更是唐代“器以载道”的具体体现，象征着贵族对礼仪、文化和道德理想的尊崇与追求。",/images/objects/tang-zitanmuhuaxie-shi/culture-01.png,阎立本《步辇图》,,,,,,,,,,,,,,,日本正仓院,https://shosoin.kunaicho.go.jp/treasures?id=0000010163&index=0,,,,,,,,,,,,,,,
object,,tang-liujihongyanwenyincha-caozi,tang,metalwork,,,,鎏金鸿雁纹银茶槽子,No. 2026-006,唐,金银器,,金银器||银器||茶槽子,唐僖宗御用茶具的核心组件之一，是唐代精致茶道与宫廷金银工艺的巅峰之作。,"茶槽子长25.5、宽3.4、高7.1厘米，重1168克。通体为长方形，由碾槽、辖板、槽座组成。槽呈半月形尖底，口沿平折，与槽座焊接，槽口可插置辖板，辖板呈长方形。槽身两端为如意云头状，辖板中间焊接小宝珠形提手，槽身两侧各饰一只鸿雁及流云纹。碾槽嵌于槽座之中，槽座两端亦作如意云头。座壁有镂空壸门，上饰天马流云纹。茶槽子底錾刻：“咸通十年文思院造银金花茶碾子一枚并盖，共重廿九两。匠臣邵元，审作官李师存，判官高品臣吴弘慤、使臣能顺”。
碢轴直径8.9、长22厘米，重524克。碢轴为实体，形似铁饼，轴边有平行沟槽，便于在茶碾子中粉碎团茶；轴杆近似圆柱形，中部粗壮，插入踻轴中心，两端逐渐细小，便于执手。轴孔四周錾团花，外饰流云纹。轴面錾文曰“碢轴重一十三两”。“茶槽子”在唐代陆羽《茶经》中被称为“碾”，是唐朝盛行“煎茶法”中的核心研磨工具。根据1987年与它一同出土的《衣物账》碑记载，时人便称其为“茶槽子”与“碾子”。“茶槽子”必须与“鎏金团花银碢轴”（tuó zhóu，即碾轮）组合使用，配合关系类似于今天中药铺里的药碾子，共同完成了从饼茶到茶末的关键转变。",/images/objects/tang-liujihongyanwenyincha-caozi/hero.png,锤揲,"锤揲是传统金属加工的主要工艺之一，是指对金属坯料施加压力，使其产生变形以获得所需造型的金属加工方法。该工艺利用金、银等金属质地柔软、延展性强的特点，通过捶打使其延伸展开成片状，再塑造成型。
锤揲分直接锤揲和间接锤揲两种技法。直接锤揲法用于平面或简单曲面纹样，间接锤揲法则用于壶、瓶等器物外壁纹样，需将锤头伸入器物内部进行敲打。
锤揲工艺常与錾刻、鎏金、镶嵌、焊接等工艺结合使用，共同完成复杂器物的制作。锤揲而成的器物具有材料薄、重量轻、无需模具打磨、表面光滑、内外纹理清晰、保持金属原色等特点。器物表面会留下独特的锤纹肌理，质感浑厚、拙实，赋予作品手工的温度和不可复制的独特效果。",/images/objects/tang-liujihongyanwenyincha-caozi/craft-01.png,文化解读,"如果说陆羽的《茶经》构建了唐代茶文化的“灵魂”，那这套茶具便是承载这灵魂的“体魄”，而其中的“茶槽子”正是连接整个流程的关键一环。要理解“茶槽子”的文化分量，需要先了解唐代独特的 “煎茶法” 。与后世的冲泡不同，唐人饮茶需先将茶饼碾末再行煎煮。法门寺地宫出土的系列茶具，完整呈现了炙茶、碾茶、罗茶、煎茶的全部流程。
在这套完备的茶具系统中，“茶槽子”（或称“茶碾子”）扮演着至关重要的角色。它的核心功能，是在炙烤工序之后，将初步处理的茶饼研磨成适宜煎煮的粉末。唐代茶道对茶末的质量要求极高——“末之上者，其屑如细米”。
这件茶槽子与其配套的“碢轴”（碾轮）协同工作，共同构成了一套精密的研磨系统。其狭长如船、两头微翘的造型，被唐代文献称为“茶槽子”或“碾子”，在功能上对应的正是陆羽在《茶经·四之器》中详细描述的“碾”。通过茶槽子的精细研磨，茶饼的香气被充分释放，为后续“碾后香弥远”的风雅体验打下基础。这件小小的器物，凝聚了唐人从感官享受到精神审美转变的味觉密码。||“茶槽子”精美的纹饰蕴含着丰富的文化密码，它已不仅是实用之器，更是信念的寄托。盖板宝珠捉手两侧各錾刻一只鸿雁，衬以流云纹。鸿雁羽翼丰满，曲颈昂首，翱翔于云间，象征着高远的志向，也寄托了使用者内心的宁静与高洁。在唐代宫廷中，鸿雁还有着重要的礼仪功能，有时它会与银笼共同构成一套完整的茶器礼制。槽身侧面錾刻天马祥云纹。“天马”这一形象源于希腊神话，经丝绸之路传入中国，至唐代已广为流行，成为中外文化交流的直接写照。文物的纹饰与功能紧密相连，鸿雁流云纹的典雅与天马祥云纹的动感，共同营造出一种融合了中原祥瑞与西域风情、既高贵又神秘的审美体验。",/images/objects/tang-liujihongyanwenyincha-caozi/culture-01.png,唐鎏金摩羯鱼三足架银盐台，唐人饮茶或调以盐，盐台即为盛放食盐的用具。,,,,,,,,,,,,,,,法门寺博物馆,http://www.fmsbwg.com/cqj/74.html,,,,,,,,,,,,,,,
object,,song-jianyangheiyoutuhao-zhan,song,ceramic,bowl,utility||zen,scholar-aesthetics||tea-culture,宋建阳窑黑釉兔毫盏,No. 2026-007,宋,瓷器,黑色||褐色||铁黑,瓷器||黑釉瓷||建盏,兔毫盏是宋代最具代表性的斗茶专用器。,宋代建阳窑黑釉兔毫盏，出土于福建省南平市建阳区一带，现藏于故宫博物院。高5.8厘米，口径12.8厘米，足径3.9厘米。||盏撇口，斜直壁，小圈足。内壁满釉。外施施釉不到底，腹下部釉垂流如泪痕。口沿处釉呈酱色，其下渐为褐黑相间，内底纯黑色，外底露胎处呈铁黑色。釉中有丝状黑褐色兔毛般结晶，俗称“兔毫”。||兔毫盏是宋代最具代表性的斗茶专用器。其深腹厚壁、盏底微收，适于击拂点茶并保温性强，釉色以青黑为贵，凸显茶汤乳雾色，契合《大观茶论》中“盏色贵青黑，玉毫条达者为上”的标准；其釉下“泪痕垂流”与内壁“兔毫”纹理，展现建阳窑独有的美学技艺。,/images/objects/song-jianyangheiyoutuhao-zhan/hero.png,兔毫,兔毫纹的成因属于窑变，是烧成过程中自然所致。这是由于釉料的配方中含铁量极高，当这种釉料在1300°C的高温下，铁处于过饱和状态时，聚集在釉面上的结晶体发生变形流动，从而形成了流动状态的结晶釉，这就是所谓的“兔毫”。||兔毫，作为建盏的标志性釉色，在宋代诸多文献中均有详尽记载，如宋徽宗的《大观茶论》、蔡襄的《茶录》以及祝穆的《方舆胜览》等。值得一提的是，《茶具图赞》作为首部茶具图谱，以精美的绘图记录了宋朝茶具的盛况，其中兔毫盏便被选为代表茶碗的形象。兔毫的色泽丰富多彩，包括银、青、褐等多种色彩，进一步细分则有金、黄、银蓝等珍稀色泽。在形态上，兔毫也各有差异，或长或短，或粗或细，为建盏增添了无穷魅力。,/images/objects/song-jianyangheiyoutuhao-zhan/craft-01.png,文化解读,宋代的饮茶之风非常流行，在民间，茶等同于米、盐，一天也不能缺少。上自官府，下至民间，不可或缺。李觏说:茶，“君子小人靡不嗜也，富贵贫贱靡不用也”(《李觏集》卷16《富国策第十》)。人们都以茶作为生活的必需品。||斗茶用的茶盏，有一些比较特殊的要求，据《大观茶论·盏》所说:“盏色贵青黑，玉毫条达者为上，取其燠发茶采色也。底必差深而微宽。底深则茶宜立而易以取乳;宽则运筅旋彻，不碍击拂。然须度茶之多少，用盏之小大。盏高茶少，则掩蔽茶色;茶多盏小，则受汤不尽。盏惟热，则茶发立耐久。”建州窑所出的建盏，是宋代最好的斗茶用盏。蔡襄《茶录·论茶器》说:“茶盏:茶色白，宜黑盏。建安所造者绀黑，纹如兔毫，其杯微厚，之久热难冷，最为要用。出他处者，或薄或色紫，皆不及也。其青白盏，斗试家自不用。”||兔毫盏不仅是实用器，更承载了宋代文人阶层“斗茶”文化。北苑贡茶、宫廷茶宴与士大夫雅集中，兔毫盏是身份、品味与审美的象征。如宋徽宗、蔡襄、范仲淹等人均对兔毫盏赞誉有加，文献与诗歌频繁记载其斗茶盛况。黑釉之深、纹理之密、形制之沉稳皆与“士人审美”中的“文质兼美”“拙中寓巧”相契，是宋人追求典雅、高古、内敛美学的典型体现。,/images/objects/song-jianyangheiyoutuhao-zhan/culture-01.png,宋徽宗赵佶《文会图》局部,TRUE,,,,,,,,,,,,,,故宫博物院藏品详情||中国茶叶博物馆相关介绍||《兔毫盏盏云流 能解红颜入醉乡——黑釉建盏之美》||《兔毫盏中斗春露》,https://www.dpm.org.cn/collection/ceramic/227154.html||https://www.teamuseum.cn/mobile/holding-detail.htm?id=540||https://www.dpm.org.cn/ceramics/talk/250892.html||https://www.dpm.org.cn/court/talk/204787.html,,,,,,,,,,,,,,,
object,,song-tixiqibing-tuanshan,song,lacquer,fan,harmony||utility,fan-culture,南宋剔犀漆柄团扇,No. 2026-008,宋,漆器,红黑||漆黑||褐色,漆器||竹丝||细绢||檀香木,南宋剔犀漆柄团扇，1998年出土于邵武故县村南宋黄涣墓，现藏于邵武市博物馆。,南宋剔犀漆柄团扇，1998年出土于邵武故县村南宋黄涣墓，现藏于邵武市博物馆。长46.8 CM，宽23. 6CM，厚0.1-1.2 CM带柄，扇面大体呈椭圆形，框骨以极细的竹丝制成，正背二面裱细绢，柄以檀香木制成圆柱体，并采用剔犀漆工艺浅浮雕饰缠枝花卉。整器工艺巧妙精湛。出土扇柄保存较好，柄体剔犀工艺精美，纹饰清晰。扇面颜色已残失。||此面团扇，从其复杂精美的制作工艺看，与福州南宋黄升墓、福州南宋端平二年墓出土的团扇相似，属于当时上层社会中比较流行的日用装饰器具。,/images/objects/song-tixiqibing-tuanshan/hero.png,剔犀,剔犀系漆器工艺。一般情况下都是两种色漆（多以红黑为主），在胎骨上先用一种颜色漆刷若干道，积成一个厚度，再换另一种颜色漆刷若干道，有规律地使两种色层达到一定厚度，然后用刀以45度角雕刻出回纹、云钩、剑环、卷草等不同的图案。||剔犀工艺在唐代始有出现，至元代趋于顶峰，同时涌现出一批如张成、杨茂等著名的匠师。,/images/objects/song-tixiqibing-tuanshan/craft-01.png,文化解读,宋代扇子的使用十分普遍，时有“一九至二九，扇子不离手”的民谚。品种甚多，按形状分，有单门扇、团扇、折扇等;按制作材料分，则有纸扇、羽毛扇、绸扇、蒲扇、葵扇、棕扇、骨扇、麦秆扇等。团扇又称宫扇、纨扇。中国传统工艺品及艺术品。是一种圆形或近似圆形有柄的扇子。团扇起源于中国。扇子最早出现在商代，用五光十色的野鸡毛制成，称之为“障扇”。当时，扇子不是用来扇风取凉，而是作为帝王外出巡视时遮阳挡风避沙之用。西汉以后，扇子开始用来取凉。东汉之后，大都改羽扇为丝、绢、绫罗之类织品，以便点缀绣画，也开始有木、竹、骨等材之柄;还有扇坠、流苏、玉器之饰。||扇子尝以引风、障日、遮面、仪仗等功用为古人青睐。南宋建都杭州，入夏之前，还有一个潮湿闷热的梅雨季，扇子和扇画在数量和创意上都实现了爆发式增长。吴自牧在《梦粱录》中记载，杭州城里的扇子铺，专营店就有陈家画团扇铺、周家折揲扇铺等，种类有细画绢扇、细色纸扇、漏尘扇柄、异色影花扇……夏天一到，满杭州城摇曳的扇子上，都是画家们的山水、花果、珍禽、人物等各种小品。这些宋代扇画迄今为止尚有许多遗存，其中仅《宋人画册》所收的一百幅小品中，就有66 幅为纨扇画。||此种椭圆团扇在宋代非常流行，不仅在宋徽宗《听琴图》中出现，还在其他宋墓中屡有发现，比如江苏金坛太学生周瑀墓（1189年）、福州黄昇墓（1243年）和福州端平二年墓（1235年）。从这面团扇复杂的制作工艺来看，它应该是当时上流社会中比较流行的日用物件。||该器出自于邵武故县村南宋黄涣墓。黄涣，男性，字德亨，邵武光泽人，南宋绍兴十七年（1147年），卒于宝庆二年（1226年），卒年八十。为朱熹弟子黄干黄氏家族邵武派的成员，在《八闽通志》和邵武地方志中均有记载，师从吕祖谦，淳熙五年科举考试中为南省第二，三十一岁中进士，历任太学博士、京西议幕、岳州知郡等职，其为官从政主要业绩为“罢厨傅、蠲鱼税、捕淫祠”，是一位勤政亲明的地方官吏。||从黄涣生平简介及随葬品来看，黄涣不仅是个亲民勤政的官员，更是一位注重生活品质之人，随葬品中除了团扇，还发现大量茶器，不难让我们想象出烧茶执扇，斗茶论诗，谈笔风声，优雅闲情的美好生活场景，窥视出黄涣是个很有闲情逸志之人。另外，也颠覆了在大家印象中，团扇只是女性使用的专例。,/images/objects/song-tixiqibing-tuanshan/culture-01.png,宋徽宗赵佶《听琴图》局部,TRUE,,,,,,,,,,,,,,宋代扇文化图像资料||邵武故县村南宋黄涣墓相关资料,https://www.dpm.org.cn/||https://www.dpm.org.cn/,,,,,,,,,,,,,,,
object,,song-mudanhualuobeixin-yi,song,textile,clothes,harmony||utility,scholar-aesthetics,南宋牡丹花罗背心,No. 2026-009,宋,织绣,褐色||彩色||棕色,织绣||罗||背心||宋锦,南宋牡丹花罗背心，身长70厘米，腰宽44厘米。1975年出土于福建省福州市黄昇墓(1243)。福建省博物院藏。,南宋牡丹花罗背心，身长70厘米，腰宽44厘米。1975年出土于福建省福州市黄昇墓(1243)。福建省博物院藏。 ||用深烟色的罗制成。以本色提花方法织出穿枝牡丹纹，花朵大小相间，茎叶温柔婉转，富有变化，这类图案在南宋后期的丝绸中很常见。||黄昇是宋朝宗室的眷属，她的墓中共出土丝织品354件，其中的一件罗背心与这一件花纹近似，尺寸相当，仅重16.7克。南宋朝廷迁都杭州后，在苏州设立了宋锦织造署，将成都的蜀锦织工、机器迁到苏州，丝织业重心逐渐南移。,/images/objects/song-mudanhualuobeixin-yi/hero.png,宋锦,宋锦，是中国传统的丝制工艺品之一。因其主要产地在苏州，故又称“苏州宋锦”。宋锦色泽华丽，图案精致，质地坚柔，被赋予中国“锦绣之冠”，它与南京云锦、四川蜀锦、广西壮锦一起，被誉为我国的四大名锦。宋锦开始于北宋末年（约公元11世纪），产品分重锦和细锦(此两类又合称大锦)、及匣锦、小锦。重锦质地厚重，产品主要用于宫殿、堂室内的陈设。细锦是宋锦中最具代表性的一类，厚薄适中，广泛用于服饰、装裱。,/images/objects/song-mudanhualuobeixin-yi/craft-01.png,文化解读,黄昇，她的父亲黄朴曾考取过当时的状元，担任过泉州知州兼提举市舶司，相当于现在泉州市长兼海关关长及外贸部门主管。黄昇16岁时嫁给了宋太祖赵匡胤第十一世孙赵与骏为妻子，算得上是皇家赵氏宗族贵妇，可惜17岁便香消玉殒。赵与骏的祖父、朝议大夫赵师恕亲自为她选择了墓地并撰写墓志。||1975年，在福州北郊浮仓山发掘了黄昇墓，出土了宋代服饰及丝织品达354件，其中服饰201件，整匹高级织物及面料153件，面料上囊括了古代高级织物绫、罗、绸、缎、纱、绢、绮等，衣物的款式、功能也极为齐全，除了常见的袍、衣、背心、裤、裙、抹胸、围兜、围件等20多种类，甚至连香囊、荷包、裹脚带这样的小件物品也包含其中，是当时出土宋代服饰最多的一次考古发掘，这批丝织品现藏于福建博物院内。黄昇墓由此被誉为“中国古代丝绸地宝库”。||这件“深烟色牡丹花罗背心”，是“举之若无”的典范，其仅重16.7克，手感柔韧，细腻滑嫩，整件背心不仅轻盈若羽，同时剔透似烟。它的织制技艺高超，具有福建丝织工艺特色，也是目前国内宋代出土织物所未见。||福建自古就是我国对外通商贸易的重要门户，拥有着3000多公里长的海岸线以及沿海众多的优良港口，在海上丝绸之路发展史上扮演了极其重要的角色。文献记载，自汉代以来福建就承担起海外转运贸易的重任，“旧交趾七郡贡献转运，皆从东冶，迅海而至”；唐代福建便已呈现出“百货随潮船入市，万家沽酒户垂帘”“云山百越路，市井十洲人”的繁荣贸易景象；至宋元，泉州则一跃成为“东方第一大港”，登上了历史的顶峰。明清两代，虽然不断受到海禁封锁，但民间的出洋趋势不可阻挡，许多方面的影响都深刻烙印在了我们今天的生活中。,/images/objects/song-mudanhualuobeixin-yi/culture-02.png,褐色牡丹花罗镶花边夹衣局部,,,,,,,,,,,,,,,福建博物院藏品详情,https://www.fjbwy.com/collect/detail?id=8433,,,,,,,,,,,,,,,
object,,song-ruyao-xi,song,ceramic,bowl,harmony||utility,scholar-aesthetics,宋汝窑洗,No. 2026-010,宋,瓷器,青色,瓷器||汝窑||笔洗,"北宋（公元960—1127年）
高5.2厘米，口径16.7厘米，底径13.1厘米。","北宋（公元960—1127年）
高5.2厘米，口径16.7厘米，底径13.1厘米。||笔洗，属于文房四宝笔、墨、纸、砚之外的一种文房用具，是桌案上盛水洗笔的器具，是文人雅士的心头所好。",/images/objects/song-ruyao-xi/hero.png,开片,开片是瓷器釉面因坯釉膨胀系数差异或成型工艺影响形成的自然开裂现象，原为烧制缺陷，后演变为装饰技法。其成因与坯泥分子排列方向及坯釉收缩率差异有关 ，分为自然开片（釉面浅裂）与人为开片（裂纹透胎），后者通过配料控制裂纹形态，如宋代哥窑浆胎瓷器。||宋代汝窑、官窑、哥窑以开片釉著称，哥窑“金丝铁线”纹路为典型。明清时期出现仿制工艺，如清代郎窑红釉与绿釉开片。开片按纹路分为冰裂纹、百圾碎等，按工艺分为填充型（裂纹着色）与覆盖型（叠加釉层）。自然开片多呈鱼子、牛毛状，人为开片则需通过胎骨裂纹特征鉴别。,/images/objects/song-ruyao-xi/craft-01.png,文化解读,在宋代，器物不仅满足实用需求，更承载着文人的精神追求和雅致审美。书房中的文房四宝——笔墨纸砚，是文人创作的核心，而其周边产品则更是为书房增添了无尽的趣味。瓷质笔洗在宋代达到了巅峰，成为文人案头不可或缺的雅玩。其中，与笔相关的文房雅玩尤为引人注目。笔洗，作为盛水洗笔的器皿，以其雅致的形制和精湛的工艺受到文人的喜爱。宋代流行的瓷质笔洗，不仅造型别致优美，更融合了实用性与观赏性，使得其款式至今仍广受追捧。 ||常见的笔洗类型包括圆洗类、方洗类和花口洗类等，每一款都充满了艺术魅力。北宋龙泉窑青釉塑贴双鱼纹洗，现藏于故宫博物院。其圆洗类器型设计简约而不失大方，口部呈圆形，整体造型流畅。有的款式甚至无需过多装饰，仅凭器型与釉色的完美结合，便能展现出非凡的艺术魅力。这类器物往往出自名窑之手，品质上乘，自带“优良基因”。,/images/objects/song-ruyao-xi/culture-01.png,宋 佚名 梧阴清暇图轴,,,,,,,,,,,,,,,,,,,,,,,,,,,,,,,
object,,ming-diancuiqianzhushijinlongfeng-guan,ming,metalwork,hat,harmony||fusion,,点翠嵌珠石金龙凤冠,No. 2026-011,明,金银器,蓝色||金色,金银器||点翠||珍珠||宝石,"明神宗孝靖皇后随葬礼冠，1956年北京市昌平区定陵出土，现收藏于故宫博物院。
","孝靖皇太后凤冠，高35.5厘米，径20厘米，重2.95千克。
凤冠是皇后的礼帽，是皇后在接受册命、拜谒宗庙祭祀祖先、参加朝会时所佩戴的。据明永乐三年（1405年）的《明会要》记载，当时规定皇后的凤冠为“九龙四凤冠，漆竹丝为圆框，冒以翡翠，上饰翠龙九金凤四，正中一龙衔大珠一，上有翠盖，下垂结珠，余皆口衔珠滴。珠翠云四十片，大珠花十二树，小珠花如大珠花三数”。
此凤冠以髹漆细竹丝编制，通体饰翠鸟羽毛点翠的如意云片，18朵以珍珠、宝石所制的梅花环绕其间。冠前部饰有对称的翠蓝色飞凤一对。冠顶部等距排列金丝编制的金龙3条，其中左右两条口衔珠宝流苏。冠后部饰六扇珍珠、宝石制成的“博鬓”，呈扇形左右分开。冠口沿镶嵌红宝石组成的花朵一周。",/images/objects/ming-diancuiqianzhushijinlongfeng-guan/hero.png,点翠,"点翠工艺，是一项产生自汉代的中国传统金银首饰制作工艺，属于汉族独有的金属工艺与羽毛工艺结合技法，2014年列入国家级非物质文化遗产名录 。
该工艺以金或鎏金金属制成底胎，将翠鸟背部蓝色羽毛镶嵌其上制成首饰器物，现代多采用染色鹅毛、孔雀羽、丝带等替代材料。点翠首饰具有色彩艳丽、保存时间长等特点。点翠工艺在唐代成为皇室服饰组成部分，宋代皇后冠饰加入龙凤等元素形成固定宫廷样式。清代康熙至乾隆时期达到鼎盛，内务府设专职匠人管理。2018年起，因翠鸟保护争议，相关非遗项目转向合规材料使用。",/images/objects/ming-diancuiqianzhushijinlongfeng-guan/craft-01.png,文化解读,"在中国古代，衣冠服饰系统不仅是日常穿着的体现，更是国家政治与社会运转的基石。中国素有“衣冠上国”之称，衣冠代表着文明、尊卑与政权的合法性。中国古代的“衣冠上国”之名，源于《周易·系辞下》“黄帝、尧、舜垂衣裳而天下治”的典故，指以汉服衣冠为标志的华夏文明，强调服饰与礼仪文化的深度融合。与西方传统中皇冠与权杖更多作为权力与神性符号的象征不同，中国的衣冠制度从一开始就被赋予了更深层的政治与哲学意涵——“垂衣裳”而能“天下治”，意味着服饰本身就是治理的工具、秩序的载体。这套制度将自然秩序、道德理想与政治体制熔铸于衣冠之中，构成了人类文明史上罕见的文化体系。
中国的“礼”，并不仅仅指礼貌或礼仪，而是一套严格的社会等级分类系统。而衣冠，正是这个系统最直观的外在体现。从先秦到明清，着装规范不仅是民间习俗，更是国家礼制的一部分，历朝历代都有详尽的条文律令对服装的材质、色彩、花纹和款式做严格规定，将皇族、文武官员和普通百姓的服饰区分开来，违者重罚。在中国古代服饰中，数字本身就是尊卑等级的标识。服装上的纹样数量，是一种制度的编码，也是一种权力的计量。据明永乐三年（1405年）《明会要》的记载，当时规定皇后的礼服凤冠为“九龙四凤冠，漆竹丝为圆框，冒以翡翠，上饰翠龙九金凤四，正中一龙衔大珠一，上有翠盖，下垂结珠，余皆口衔珠滴”。这件凤冠的制式并非随心所欲的装饰，而是其皇后身份的制度化编码。它在典礼场合的出现，绝不只是一次个人容貌的装点，而是国家礼法在具体时刻的庄严宣告。
纹样同样承载着德性的隐喻：龙代表天子的权威与男性的力量，凤则象征皇后的品德、祥和与女性的尊荣。这顶凤冠上的金龙均为花丝工艺制成，两条口衔珠宝流苏；翠凤采用点翠工艺，以翠鸟羽毛粘贴而成，色泽经数百年依然明丽。整件凤冠以髹漆细竹丝编制，通体饰点翠如意云片，18朵以珍珠、宝石所制的梅花环绕其间，冠后部饰六扇珍珠、宝石制成的“博鬓”，呈扇形左右分开，冠口沿镶嵌红宝石组成的花朵一周。金碧辉煌的配色与繁复的纹饰，体现了至高无上的皇家礼制审美。因此，这件九龙四凤冠并非仅仅是一件奢华的珠宝。在古人眼中，它是国家的秩序，是无声的礼法，是整个文明的全部重量。

",/images/objects/ming-diancuiqianzhushijinlongfeng-guan/culture-01.jpg,明代 香色麻飞鱼袍,,,,,,,,,,,,,,,故宫博物院藏品详情||故宫博物院专题视频,https://www.dpm.org.cn/collection/embroider/231038.html||https://www.dpm.org.cn/buildvideo/detail/259706.html,,,,,,,,,,,,,,,
object,,ming-qinghuahaishuibailongwenbian-hu,ming,ceramic,pot,harmony||utility,,青花海水白龙纹扁壶,No. 2026-012,明,瓷器,青色||蓝色||白色,瓷器||青花瓷||钴料,明代宫廷的陈设用品，属于清代宫廷旧藏，现收藏于故宫博物院。,"青花海水白龙纹扁壶，高45.3厘米，口径7.8厘米，足径14.5厘米。
壶圆口，口边微外侈，长颈自上而下渐阔，扁圆式腹，椭圆形浅圈足。通体青花为饰，壶口及颈部绘卷草纹和缠枝莲纹各一周。腹部为青花留白海水龙纹，一条矫健威猛的白龙在苍茫无际的大海中遨游，白龙回首曲体，须发飘扬，四肢伸张，呼之欲出。青白相间的波涛上下翻滚，汹涌澎湃，又见点点黑斑，大有铺天盖地、水珠激溅、迎面而来之感。尤其是以青花点白龙双睛，愈显神采。
宣德时期，有“诸料悉备，青花为贵”之说。此壶的装饰过程是先在瓷坯上以尖状工具勾划龙纹轮廓及龙之双目、冠发、厚唇、牙齿、爪趾、鳞等细部，然后在龙身周围用青花料满绘波涛汹涌的海水并施透明釉，入窑高温烧成。
史载，宣德时青花多用郑和从西洋带回的“苏泥勃青”钴料，呈色深艳明亮，如蓝宝石一般，线条间往往有晕散现象，有如水墨画的墨晕，加上错落有致的黑色斑点，使画面产生了非同凡响的艺术效果。",/images/objects/ming-qinghuahaishuibailongwenbian-hu/hero.png,青花,其青花发色浓艳深邃、如蓝宝石般耀眼，关键在于使用了郑和下西洋带回的进口钴料——“苏麻离青”。这种高铁低锰的颜料，在高温烧造后会产生独特的艺术效果：青料浓重处会自然形成深色铁锈斑点，深入胎骨，且笔触边缘伴有朦胧的晕散，如中国传统水墨画般韵味十足。在绘制工艺上，匠人采用了精妙的“青花留白”技法，即在成型的瓷坯上，先用锋锐的工具暗刻出龙纹的轮廓与细部，再以“苏麻离青”在周围满绘汹涌的海水纹，而龙身位置则刻意留白。最后整体施以透明釉高温烧成，凭借青料深浅浓淡的对比，利用深蓝的地子自然衬托出白色的龙纹，实现了绘画、刻划与窑火工艺的完美融合。,/images/objects/ming-qinghuahaishuibailongwenbian-hu/craft-01.png,文化解读,"这件扁壶的每一个装饰细节，都是明代皇权意志的视觉宣言。它的口沿下饰有卷草纹，颈部绘缠枝莲花纹——卷草连绵、莲枝缠绕，暗喻江山永固、福泽绵长；而真正承载权力意志的，是腹部那一片汹涌的蓝与腾跃的白。匠人采用了“地色留白”的装饰方法：满绘深沉的青花海水作为地子，两侧各留出一条白龙，龙身鳞片、鬃发等细节全部以暗刻花技法表现，在具象海水纹的强烈衬托下，白龙呈现出利落的剪影效果，更增添了几分腾云驾雾的空灵与神秘感。
这种“蓝地白花”的视觉反差，正是权力美学的核心——蓝色海水象征着辽阔的江山社稷与帝王驾驭四海的威严，而白色巨龙则是天子本身，以“不画”胜“画”的方式横空出世。龙的双眼以青料点睛，瞬间令白龙“活”起来，呼之欲出。同时，海水龙纹的整体构图也暗合中国传统绘画的“三远法”原则：近景波涛汹涌，细节分明；中景龙身蜿蜒，气势遒劲；远景云气缭绕，虚实相生。这种空间叙事将视觉焦点牢牢锁定在龙身上，营造出白龙仿佛从无尽深渊中破浪而出的磅礴动感。青花呈色浓艳而不失沉郁，层次分明，色调丰富——这是宣德高档青花瓷的典型特征，浓处有铁锈斑深入胎骨，淡处如水墨晕散，恰似一幅用钴料绘于瓷上的皇家水墨画。
因此，这件扁壶不仅是工艺奇观，更是一部凝固在瓷器上的权力圣经。它用“地子衬托花纹”的手法，将帝王的无上权威与传统绘画的空间美学熔铸一体，让每一位观者都能通过那片深蓝海水与白色惊龙，感受到明初宫廷“君临天下、威加四海”的宏大叙事。",/images/objects/ming-qinghuahaishuibailongwenbian-hu/culture-01.png,北宋 王希孟 《千里江山图》,,,,,,,,,,,,,,,故宫博物院藏品详情,https://www.dpm.org.cn/collection/ceramic/226772.html,,,,,,,,,,,,,,,
object,,ming-xijiaoloudiaoqiukuiyewenyulanhuaxing-bei,ming,ivory,cup,harmony||fusion,,犀角镂雕秋葵叶纹玉兰花形杯,No. 2026-013,明,牙角,黑色||褐色||铁黑,牙角||犀角||镂雕,此杯为花卉型杯之一，造型小巧，刻工精细，角质莹润，是犀角陈设品的杰作，现收藏于故宫博物院。,"犀角镂雕秋葵叶纹玉兰花形杯，明末，高7.8厘米，口径13.5×8.5厘米。
杯色棕黄偏红，用亚洲犀牛角制成。以盛开的玉兰花为造型，将敞阔的杯口雕做五瓣开放的玉兰花形。杯侧镂雕一杈点缀着两朵花蕾的枝干成柄。又将连着花蕾和硕叶的枝茎镂雕成圈，盘结在杯底做足。杯身浮雕的叶及花蕾，前后交错，形态各异。
明代初期，由于文玩清供的兴起，带动了一些文人参与金石、竹木、犀角以及象牙等的雕刻工艺。犀角历来被视为宝物，根据犀角的天然特征雕刻各种纹饰逐渐成为时尚。此杯为花卉型杯之一，造型小巧，刻工精细，角质莹润，是犀角陈设品的杰作。",/images/objects/ming-xijiaoloudiaoqiukuiyewenyulanhuaxing-bei/hero.png,镂雕,镂雕是中国治玉工艺中的传统技法。所谓镂雕是指在一块玉料上进行多次穿插透雕，或由余留的实体部份组成图案，或由雕出的空白部份组成图案，一些研究者称片状的单层图案镂雕作品为透雕作品。,/images/objects/ming-xijiaoloudiaoqiukuiyewenyulanhuaxing-bei/craft-01.png,文化解读,"犀角之所以能在明末跻身文人清玩之列，与其独特的文化属性密不可分。一方面，犀角自古与金、银、玉并列，被视为宝物的代表，《诗经》中即有“兕觥”（犀角酒器）的记载。明人张岱《陶庵梦忆》将“鲍天成之治犀”与“陆子冈之治玉”并列为吴中技绝，足见犀角雕刻在时人眼中的地位。另一方面，犀角自古被列为“四大名药”之首，具有清热、解毒、定惊的药效。古人认为以犀角杯饮酒可强身健体，实用功效与珍贵属性叠加，使犀角杯成为兼具养生功能与精神象征的独特器物。值得玩味的是，明代文人所追求的清供雅物，恰恰选择了一种兼具“药用价值”和“珍稀属性”的材料——这本身反映出一个耐人寻味的文化辩证法：文人在精神上追求超然物外的雅趣，却又在器物层面上依赖珍稀材质赋予的“珍贵感”与“功效说”，以彰显身份与品位。
这件犀角杯满饰玉兰与秋葵——玉兰取其“望春”的雅意，象征高洁与君子之风；秋葵则以其花叶柔美、清雅不俗而备受文人喜爱。杯外壁以镂雕、浮雕技法琢刻繁而不乱的枝叶花蕾，底部以镂空盘结的枝茎为足，杯侧以一杈带花蕾的枝干为柄，整体浑然天成，恰如花木从自然中折取一支，移入掌中。这种对花卉题材的青睐，与明代文人“托物言志”的文化传统密切相关。文人借器物上的自然花木来寄托自身的情操与品格，在案头摆弄之间完成审美的自省与精神的安顿。同时，此类花卉型犀角杯的出现也与犀角材质的特性高度相关——犀角上宽下窄的天然形制，非常适宜雕成花瓣、荷叶等自然造型。工匠与文人设计师共同遵循“因材施艺”的理念，将犀角的天然弧度、色泽纹理与花卉的形态之美融为一体，使器物在造型逻辑上自然合理，在审美意境上又达成了“虽由人作，宛自天开”的妙境。",/images/objects/ming-xijiaoloudiaoqiukuiyewenyulanhuaxing-bei/culture-01.png,明 仇英 《临宋人画册》,,,,,,,,,,,,,,,故宫博物院藏品详情,https://www.dpm.org.cn/collection/bamboo/230707.html,,,,,,,,,,,,,,,
object,,ming-tongchongerruzu-lu,ming,metalwork,stove,harmony||utility,,铜冲耳乳足炉,No. 2026-014,明,青铜器,褐色||红黑||棕色,青铜器||铜器||宣德炉,明代宣德年间宫廷铸造的铜质香炉，现收藏于故宫博物院。,"铜冲耳乳足炉，明，高6.7厘米，口径10.6厘米。清宫旧藏。铜炉圆形，器表略呈黑漆色。唇边外侈，收颈，鼓腹，下腹圜收，三乳足。口沿上左右两边起冲耳。器外底有减地阳文3行6字楷书：“大明宣德年制”。 附云足铜座。
宣德炉的造型多达数十种，其蓝本多源自古代青铜器或瓷器。如宣德炉中最常见的“冲耳乳足炉”之原型即宋瓷中的“哥窑双耳三足小炉”等。此炉1977年经杨伯达先生鉴定为崇祯年仿。",/images/objects/ming-tongchongerruzu-lu/hero.png,铸造,"采用失蜡法铸造，古代以翻砂制范，近代用石膏，现代则多用硅胶
。基本流程为：制实心内范→以黄蜡、牛油等制成与器形相同的蜡模→外涂范料→温火熔蜡流出→高温焙烧陶范→浇注液态合金→冷却后脱范、上蜡抛光。
加工工序包括铸、凿、嵌、补、挫、刮、磨、烧古。其中“刮”为打磨前剔除铜疵的工序，使用刀口宽不足2mm的长柄小铲刀；“磨”即打磨；“烧古”为作色烧旧，耗时最长，常需数年。",/images/objects/ming-tongchongerruzu-lu/craft-01.png,文化解读,"这件故宫博物院藏的“铜冲耳乳足炉”，高6.7厘米，口径10.6厘米，是一件古老的焚香器具。它不仅是一件宫廷御用的实器，更是承载中国数千年焚香文化的生动载体。焚香，在中国文化中首要的角色是作为人与神、天与地之间的媒介。早在先秦时期，便有“燔柴祭天”的礼仪，将牺牲玉帛置于柴上焚烧，以升腾的烟气敬告昊天上帝。这种“以烟达意”的仪式感，在后世被完整地保留在了香炉的使用中。
除了庄重的礼仪之用，焚香在中国的文人生活中，更是一种不可或缺的精神滋养。从苏轼的“晨兴半炷茗香”到明人笔记中随处可见的炉香记载，香炉已成为中国文人书斋的标配。古时的香炉用途极广，主要有三种：一是用来薰衣。在重要的礼仪场合，必须将衣服熏香方为不失礼仪；第二种是书房必备之器，为读书人营造“红袖添香夜读书”的雅致意境；最后一种也是最核心的，即专用来供祀神佛，多用于庙堂之上或家中佛堂。古人称“文房百器，炉为首器”，说的正是这案头燃香的香炉；而香炉之中，又被推为“文房诸器，宣炉为首”。由此可见这件铜炉在文人心目中的至高地位。一炉清香，也常被视为琴、棋、书、画等文人雅集的背景。飘渺的香烟，与精美的古器相映成趣，是激发文人墨客创作灵感的源泉。这件沉静古朴的铜炉，便是这种文人风雅生活方式的缩影。
值得一提的是，这件铜炉并非寻常之物，其炉底镌刻的“大明宣德年制”楷书款，揭示了它不凡的“皇家血统”。宣德炉是中国历史上第一次使用黄铜铸造的铜器，由明宣宗朱瞻基在宣德三年（1428年）亲自参与设计监造。宣德炉的出现，源于宣宗皇帝的一个“执念”。他见郊坛、太庙中的祭器式样鄙陋，恰逢暹罗国（今泰国）进贡了数万斤精美的“风磨铜”，便下旨用这批铜料，融合《宣和博古图》的商周古韵与宋代名窑的典雅，铸造一批全新的祭祀礼器。",/images/objects/ming-tongchongerruzu-lu/culture-01.png,铜冲耳乳足炉,,,,,,,,,,,,,,,,,,,,,,,,,,,,,,,
object,,ming-qingyumingtaizuyi-ce,ming,,,,,青玉明太祖谥册,No. 2026-015,明,玉石器,,玉石器||青玉||玉册,明太祖朱元璋于洪武三十一年（1398年）闰五月卒，年七十一。葬孝陵，庙号太祖，谥号高皇帝。此册为永乐即位时上谥。,"这件谥册由青玉制成，通体呈现出温润的青色。它由6片长条形玉板构成，每片玉板长约24.5厘米，宽约9.7厘米，厚约1.2厘米。这些玉板用黄色的织金缎连接在一起，形成了一部完整的册书。仔细观察，每片玉板又是由四条玉块拼接而成，体现了当时的工艺水平。册文的内容由楷书书写并填以金粉，显得格外庄重。册中只有2至5片刻有文字，第1片刻有四条龙纹，作为装饰和引导，而最后一片则保持光素无字。

这件谥册的核心价值在于它所承载的历史信息。它是在永乐元年（公元1403年），由明成祖朱棣为他的父亲，即开国皇帝明太祖朱元璋，追尊谥号时所用的官方册书。朱元璋于洪武三十一年（公元1398年）去世，庙号为太祖，最初的谥号为“高皇帝”。朱棣即位后，特意重新为父亲制定了更为尊崇的谥号——“圣神文武钦明启运俊德成功统天大孝高皇帝”。为了强调自己继承大统的合法性，朱棣还将自己的名号“孝子嗣皇帝臣棣”赫然刻于册文之上。",/images/objects/ming-qingyumingtaizuyi-ce/hero.png,镂雕,镂雕是中国治玉工艺中的传统技法。所谓镂雕是指在一块玉料上进行多次穿插透雕，或由余留的实体部份组成图案，或由雕出的空白部份组成图案，一些研究者称片状的单层图案镂雕作品为透雕作品。,/images/objects/ming-qingyumingtaizuyi-ce/craft-01.png,文化解读,"“青玉明太祖谥册”是故宫博物院收藏的一件明代皇家礼器，它以温润的青玉为载体，将一代开国帝王的身后评价与皇权继承的法理逻辑凝固于规整的玉板之上。要理解这件文物的深层意蕴，首先需要回到中国人对于“玉”的独特文化心理。从先秦时期起，玉就不仅是珍稀的矿物，更被儒家赋予了完整的人格象征意义。孔子论玉有十一德，以玉的温润比喻仁，以缜密比喻智，以廉而不刿比喻义；东汉许慎则在《说文解字》中将玉的特质概括为仁、义、智、勇、洁五德。“君子比德于玉”的观念由此深入人心，使得任何以玉制作的礼器，都天然地承载着道德理想与人格典范的期许。正因如此，当明成祖朱棣在永乐元年为自己的父亲朱元璋追尊谥号时，选用青玉来镌刻这册关乎国家根本的文字，便不仅仅是一项等级上的物质选择——用玉本身，就是以一种无声而庄重的文化语言，宣告着这位开国君主应当具备的完美德行与天命所归。

这件谥册由六片长条形玉板构成，每片长约24.5厘米，宽约9.7厘米，厚约1.2厘米，以黄织金缎相连。首片浮雕四条龙纹，末片光素无字，中间四片阴刻楷书谥文并填以金粉。从形制到材质，它严格遵循着明初确立的皇家仪轨。而其中贯穿始终的，是中国古代“事亡如事存”的礼制精神——生前如何尊奉，死后亦当如是。谥法本身源自西周，其核心在于“谥者，行之迹也”，即用一个固定的褒贬用词对逝者一生进行道德评判。到了明代，这套制度被进一步规范化：谥册制成后，须在隆重的太庙告祭仪式中由嗣皇帝亲自诵读，随后供奉于皇家宗庙，与列祖列宗的灵位朝夕相伴。整个过程从选材、制作到陈设，无不浸透着儒家礼法对等级与秩序的极致追求。朱元璋本人登基后“首开礼、乐二局，广征耆儒，分曹研究”，正是要以礼制的完备来彰显新朝的合法性。而“青玉明太祖谥册”恰恰是这一礼制建设工程中最具分量的成品之一——它不仅仅是追悼文书，更是一件用物质形态固化下来的国家仪典，维系着君臣之别、嫡庶之分，也维系着王朝的道德与法统。

然而，礼制从来不是空洞的形式，它往往与最现实的政治操作紧密交织。这册青玉所承载的远不止哀荣，更是一份关于皇权合法性的郑重宣言。制作于永乐元年的这件谥册，恰逢朱棣刚刚通过“靖难之役”从侄儿建文帝手中夺得帝位。如何向天下证明自己承继大统的天命所归，是他面临的最紧迫的政治课题。他所采取的方式之一，便是重新定义父亲朱元璋的历史地位——将原先仅四字的“高皇帝”谥号，加谥为长达十字的“圣神文武钦明启运俊德成功统天大孝高皇帝”。这并非简单的尊崇，而是在以儒家最高理想人格重新塑造开国皇帝的形象：强调朱元璋“由天授命”，是一位近乎完美的圣王。既然太祖受命于天，那么作为被太祖亲自指定的继承者，朱棣的统治自然也就获得了天命的直接背书。值得注意的是，古人早已将“玉”与“天命”“王权”紧密联系在一起——史前时期玉被视为沟通神人的中介，三代时王者以“瑞玉”等邦国，玉器始终是权力合法性的重要物质符号。朱棣选用青玉来镌刻这一篇旨在重建合法性的谥文，正是利用了玉在传统文化中既象征“君子之德”又象征“天命所归”的双重意涵。谥文末尾那句“孝子嗣皇帝臣棣”的署名尤其耐人寻味：在礼法上，只有直系继承者才有资格以“孝子”自称，朱棣刻意略过建文帝，直接以朱元璋之子的身份执掌谥礼，等于在仪典层面宣告自己是太祖唯一的合法继承人，从而抹去了建文朝的全部存在痕迹。这种围绕谥法展开的合法性建构，深刻体现了中国政治文化中“正名定分”的传统——通过确立一个完美的、符合道统的先帝形象，继任者得以将自己嵌入神圣的血脉与法统链条，从而稳固根基。",/images/objects/ming-qingyumingtaizuyi-ce/culture-01.png,孝端文皇后谥册,,,,,,,,,,,,,,,故宫博物馆,https://www.dpm.org.cn/collection/jade/232943.html,,,,,,,,,,,,,,,
term,glossary,scholar-aesthetics,,,,,,仕人美学,,,,,,理解宋代文人如何把器用、风雅与身份判断连成一种生活秩序。,,/images/timeline-song.svg,,,,,,,,FALSE,,,宋代士人阶层的审美并不只关乎书画，它也进入茶盏、文房、服饰与起居器物之中。||器用之“雅”往往体现在节制、比例与使用准确度，而不是单纯的繁饰。,/images/timeline-song.svg,器物为何体现士人趣味,士人美学强调“可用”与“可观”并存，器物既是生活工具，也是人格趣味的外化。,/images/object-writing-case.svg,宋代文人审美的典型线索,宋代器用、文房与茶事场景示意,/images/video-kiln.svg,宋代文人生活研究资料,/images/video-kiln.svg,song-jianyangheiyoutuhao-zhan||writing-case,故宫博物院相关资料,https://www.dpm.org.cn/,,,,,,,,,,,,,,,
term,glossary,tea-culture,,,,,,斗茶文化,,,,,,理解宋代点茶、斗茶与茶盏审美之间的社会文化关系。,,/images/timeline-song.svg,,,,,,,,FALSE,,,斗茶不仅是饮茶活动，也是一种关于观看、评判和技艺展示的社交方式。||茶盏的深浅、颜色和保温性都直接影响斗茶体验。,/images/timeline-song.svg,斗茶为什么需要黑釉盏,黑釉盏更容易映衬茶沫与汤色，因此成为斗茶中的理想器具。,/images/object-tea-bowl.svg,斗茶图像与文献线索,宋代茶事文化与兔毫盏关系示意,/images/video-kiln.svg,《大观茶论》相关资料,/images/video-kiln.svg,song-jianyangheiyoutuhao-zhan||tea-bowl,《大观茶论》相关资料,https://zh.wikisource.org/wiki/%E5%A4%A7%E8%A7%80%E8%8C%B6%E8%AB%96,,,,,,,,,,,,,,,
term,glossary,fan-culture,,,,,,扇文化,,,,,,理解扇子在中国文化中如何从实用品延展为礼仪、审美与身份表达的媒介。,,/images/objects/song-tixiqibing-tuanshan/culture-01.png,,,,,,,,FALSE,,,扇子既可以引风纳凉，也可以承担遮面、障日、仪仗和社交展示等功能。||进入宋代之后，团扇与扇画更深地融入士人和上层日常生活。,/images/objects/song-tixiqibing-tuanshan/culture-01.png,团扇为何成为文化符号,团扇兼具身体动作、人物身份和图像审美，因此常作为时代生活方式的缩影。,/images/object-fan.svg,扇文化相关图像线索,团扇、扇画与文人生活示意,/images/video-metal.svg,中国扇文化研究资料,/images/video-metal.svg,song-tixiqibing-tuanshan||fan,故宫博物院相关资料,https://www.dpm.org.cn/,,,,,,,,,,,,,,,
term,concept,utility,,,,,,格物致用,,,,,,从器物的比例、材质与使用动作入手，理解中国传统工艺中的秩序感与实用哲学。,,/images/concepts/utility/banner.png,,,,,,,,FALSE,以中国传统工艺，观美学之境，思哲学之理,理念简述,“格物致用”一词源于中国古代儒家思想，其中“格物”最早见于《礼记·大学》：“格物而后知至，知至而后意诚，意诚而后心正。”原意是穷尽事物的原理，以求得真知。至宋代理学兴盛，朱熹对“格物”作了系统阐释，强调通过观察与探究事物之理（“物之理”），以达成修身、齐家、治国、平天下的目的；“致用”则是将所得之理落实于实践之中，使知识与行动统一。《朱子语类》中有言：“学必穷理，穷理而后可以致用。”在这一思想框架中，“格物致用”不仅是求知的方法论，更是将道理应用于日常生活与造物活动的实践观。在宋代，这一理念深刻影响了工艺美术、建筑、器物设计等多个领域。宋人审美崇尚简洁、自然、精雅，反对无谓的繁饰，认为器物之美在于功能与形制的和谐统一。宋代的“格物致用”不仅是理学的哲学命题，更是一种贯穿设计思维与生活方式的文化精神。它促成了宋代器物在功能性、美感与思想内涵上的高度统一，使造物既服务生活，又体现时代的精神追求，成为宋代美学的重要基石。,/images/concepts/utility/banner.png,文化源流,“格物致用”是中国传统哲学中极具影响力的理念，它不仅是一种思维方式，也深刻影响了中国古代的工艺、设计与生活美学。它的思想脉络可以从先秦儒学一直追溯到宋代理学的系统建构，最终在宋代社会生活与造物实践中得到了广泛体现。||理念源头：从《大学》中的“格物致知”起步||“格物”一词最早见于《礼记·大学》：“致知在格物，物格而后知至。”在这里，“格物”意指穷究事物之理，是修身齐家治国平天下的起点。而“致知”即是通过探究万物的道理来获得真实的认知。此处的“格物”强调的是“求理以致知”，是一种内省式的认知过程，奠定了儒家治学、修德的逻辑起点。||理学发展：宋代理学对“格物”的系统阐释||进入宋代，“格物”被理学家进一步理论化，成为儒家哲学体系中认识世界与自我修养的重要方法。北宋程颢、程颐兄弟提出：“格犹穷也，物犹理也”，强调通过穷究万物之理，以达成道德修养。而南宋朱熹则将“格物致知”上升为系统认知论，他指出：“所谓致知在格物者，言欲致吾之知，在即物而穷其理也。”换言之，只有通过认真观察与分析事物，才能获得真正的知识，并将之落实于人生与社会实践之中。||“致用”这一概念虽未被单独提出，但在理学语境中已被内含为“知行合一”的实践指向，即知其理，必用于行。,/images/concepts/utility/source-01.png,,,,,,tea-bowl||writing-case||white-bowl,《考工记》与器用观念资料,https://ctext.org,,,,,/images/concepts/utility/source-02.png,/images/concepts/utility/source-03.png,/images/concepts/utility/source-04.png,宋代人物与器用语境,茶器中的观看与使用,结构化文房器用,比例与留白的器形判断,理蕴于形,在宋代，理学思想不仅影响文人士大夫的道德修养，也深入到日常生活与艺术造物中，“格物致用”因此成为一种贯穿美学与工艺的文化精神。||器物设计方面，如汝窑、定窑、建窑等瓷器，其造型简约端庄，釉色温润含蓄，不仅适于日用，也承载着高度的审美追求。这种设计正体现了对“物之理”的深刻理解与对“用之道”的精巧落实。||文房用具中，如砚台、笔架、香炉等，往往形制考究，功能明确，在使用中传达出文人的审美与修养，体现出“用”中含“理”。||园林与家具设计也强调尺度比例、用材结构的合理性与空间意境的统一，彰显人与器物、环境之间的和谐关系。||这些造物行为不仅体现了对物质材料特性的把握（格物），更体现了将所知之理应用于生活美学与工艺技艺的实践路径（致用），真正实现了知行合一、用美相融。,/images/concepts/utility/form-01.png,格物致用的器形逻辑图示
term,concept,fusion,,,,,,融合多元,,,,,,从器形、纹样与材料流动中，看见不同文明在中国工艺中的汇流。,,/images/hero-bronze-dish.svg,,,,,,,,TRUE,跨地域交流与本土转译,理念简述,外来元素进入中国工艺并不是简单移植，而是经过礼制、趣味与使用方式的重新组织。,/images/object-bronze-tray.svg,文化源流,从金银器、玻璃器到织绣纹样，异域元素之所以能够进入中国工艺，并不是因为“原样照搬”，而是因为它们在新的社会语境中被重新理解。||真正成熟的融合，总会在器形、纹样和使用动作之间建立新的秩序，因此“多元”并不意味着杂糅，而是意味着筛选、重组与转译。,/images/object-lamp-stand.svg,,,,,,bronze-tray||lamp-stand||glass-bowl,丝路与工艺交流研究资料,https://www.npm.gov.tw/,,,,,/images/object-glass-bowl.svg,/images/object-bronze-tray.svg,,跨地域交流中的异域器形,材料流动与观看方式的改变,本土化之后的纹样秩序,,理蕴于形,融合多元最终会落实为具体形式：有的体现在轮廓起伏，有的体现在纹样组织，也有的体现在材质与光泽的重新搭配。||当一种外来元素真正被吸收，它往往已经不再是“异物”，而是成为新的中国工艺语言的一部分。,/images/object-bronze-tray.svg,融合多元在器形中的呈现
term,concept,harmony,,,,,,天人合一,,,,,,通过器物比例、材质节奏与空间留白，感受自然秩序如何进入日常使用。,,/images/hero-celadon-bowl.svg,,,,,,,,TRUE,材料、尺度与身体经验,理念简述,自然并不只是题材来源，它更是一套关于比例、节奏与使用感受的组织方式。,/images/object-white-bowl.svg,文化源流,中国传统工艺中大量关于“自然”的理解，并不依赖直接描摹山水花木，而是把自然节律转化为器物的尺度、弧线、肌理与留白。||因此，“天人合一”更多体现在器物如何让人感受到稳定、顺手、安静与舒展，而不是简单的图像象征。,/images/object-white-bowl.svg,,,,,,white-bowl||fan,自然秩序与器物审美资料,https://ctext.org,,,,,/images/object-fan.svg,/images/hero-celadon-bowl.svg,,白釉器物的比例与釉色,扇具中的留白与轻盈,自然秩序进入日常器用,,理蕴于形,当器物的线条不过分张扬、材质不过分炫耀、装饰不过分拥挤时，观者更容易在使用中感到秩序与安宁。||这类“理”并不抽象，它总是通过口沿、腹壁、柄部、留白和光泽等细节被身体经验直接感知。,/images/object-fan.svg,天人合一在器形中的节奏感
timeline,,tang,,,,,,唐,,,,,,开放交流与昂扬审美并行，使工艺语言呈现出饱满、外放与兼容并蓄的气质。,,/images/timeline/tang/cover.png,,,,,,,,TRUE,开放交流 · 多元融合,时代导览,盛唐工艺吸纳来自中亚、西亚与草原的图像和器形，并以更自信的姿态完成本土化。,/images/timeline/tang/cover.png,盛世气象中的工艺扩张,材料更丰富、图像更复杂、器形更大胆，背后是开放交流网络带来的审美扩张。,/images/timeline/tang/cover.png,,,,,,bronze-tray||lamp-stand,,,盛唐,618 - 907,雍容华贵,融合多元,,,,,,,,,,,
timeline,,song,,,,,,宋,,,,,,更克制的形式、更精密的比例意识和更内敛的色调，使宋代成为“格物致用”的核心样本。,,/images/timeline/song/cover.png,,,,,,,,TRUE,疏雅天成 · 格物致用,时代导览,宋代审美常以含蓄、耐看与尺度准确为核心，器物从炫目走向克制，转而把重点放在材料、比例与动作体验上。,/images/timeline/song/cover.png,器用如何进入美学,宋代器物的高级感往往来自“看似简单却难以替代”的使用准确度，这也是格物致用得以成立的社会基础。,/images/timeline/song/cover.png,,,,,,song-jianyangheiyoutuhao-zhan||song-tixiqibing-tuanshan||tea-bowl,故宫博物院相关资料,https://www.dpm.org.cn/,两宋,960 - 1279,简雅天成,格物致用,,,,,,,,,,,
timeline,,yuan,,,,,,元,,,,,,跨地域统合让材料、图像和技术交流更直接，形成兼具力量感与流动性的视觉面貌。,,/images/timeline/yuan/cover.png,,,,,,,,TRUE,结构力量 · 草原视野,时代导览,元代的广域统合使图像与材料的流动更直接，装饰更强调节奏与速度。,/images/timeline/yuan/cover.png,结构力量的形成,跨地域统合使图像与材料的流动更直接，也让装饰更强调节奏、速度与力量感。,/images/timeline/yuan/cover.png,,,,,,lamp-stand,,,大元,1271 - 1368,豪迈纵横,兼收并蓄,,,,,,,,,,,
timeline,,ming,,,,,,明,,,,,,礼制修整与生活品味同步发展，使典雅、适用与精工在同一套秩序中共存。,,/images/timeline/ming/cover.png,,,,,,,,TRUE,文质相彰 · 制度与生活,时代导览,明代器用在制度与生活之间形成平衡，很多日用器也因此拥有更成熟的形式语言。,/images/timeline/ming/cover.png,制度与生活的平衡,明代工艺在制度秩序与日常生活之间形成稳定平衡，典雅与适用得以同时成立。,/images/timeline/ming/cover.png,,,,,,writing-case,,,大明,1368 - 1644,典丽适用,文质相兼,,,,,,,,,,,
timeline,,qing,,,,,,清,,,,,,复杂工艺、精密装饰与宫廷趣味叠加，使“繁而不乱”的高级感成为这一时期的重要命题。,,/images/timeline/qing/cover.png,,,,,,,,TRUE,繁丽精工 · 巧饰成章,时代导览,清代宫廷和都市消费共同推动工艺向精细化、繁复化发展，但真正出色的作品并不显得杂乱，而是具有高度组织能力。,/images/timeline/qing/cover.png,繁缛不等于杂乱,清代工艺最重要的能力，是在多材料、多纹样和高密度装饰中仍然维持秩序感，让复杂成为一种可被控制的美。,/images/timeline/qing/cover.png,,,,,,fan||white-bowl,清宫工艺研究资料,https://www.dpm.org.cn/,大清,1644 - 1912,繁缛富艳,规整精致,,,,,,,,,,,
